{
    "questions": [
        {
            "image": "cube-1.webp",
            "question": "Apa nama bangun ruang tersebut?",
            "options": ["Kubus", "Balok", "Limas Segitiga", "Tabung"],
            "answer": "Kubus",
            "level": "beginner",
            "geometryId": "cube"
        },
        {
            "image": null,
            "question": "Berapakah jumlah sisi yang ada pada kubus?",
            "options": ["4", "5", "6", "8"],
            "answer": "6",
            "level": "beginner",
            "geometryId": "cube"
        },
        {
            "image": null,
            "question": "Berapakah jumlah rusuk yang ada pada kubus?",
            "options": ["6", "8", "10", "12"],
            "answer": "12",
            "level": "beginner",
            "geometryId": "cube"
        },
        {
            "image": null,
            "question": "Hitunglah luas permukaan kubus yang memiliki sisi 6 cm!",
            "options": ["216", "360", "180", "240"],
            "answer": "216",
            "level": "beginner",
            "geometryId": "cube"
        },
        {
            "image": null,
            "question": "Hitunglah volume kubus yang memiliki sisi 3 cm!",
            "options": ["18", "21", "24", "27"],
            "answer": "27",
            "level": "beginner",
            "geometryId": "cube"
        },
        {
            "image": "beam-1.webp",
            "question": "Apa nama bangun ruang tersebut",
            "options": ["Prisma", "Kubus", "Balok", "Tabung"],
            "answer": "Balok",
            "level": "beginner",
            "geometryId": "beam"
        },
        {
            "image": null,
            "question": "Berapakah jumlah titik sudut yang ada pada balok?",
            "options": ["4", "6", "8", "12"],
            "answer": "8",
            "level": "beginner",
            "geometryId": "beam"
        },
        {
            "image": null,
            "question": "Berapakah jumlah sisi yang ada pada balok?",
            "options": ["8", "12", "6", "4"],
            "answer": "6",
            "level": "beginner",
            "geometryId": "beam"
        },
        {
            "image": null,
            "question": "Hitunglah luas permukaan balok yang memiliki panjang 12 cm, lebar 4 cm, dan tinggi 10 cm!",
            "options": ["414", "444", "416", "400"],
            "answer": "416",
            "level": "beginner",
            "geometryId": "beam"
        },
        {
            "image": null,
            "question": "Hitunglah volume balok yang memiliki panjang 8 cm, lebar 3 cm, dan tinggi 5 cm!",
            "options": ["90", "100", "110", "120"],
            "answer": "120",
            "level": "beginner",
            "geometryId": "beam"
        },
        {
            "image": "triangular-pyramid-1.webp",
            "question": "Apa nama bangun ruang tersebut!",
            "options": ["Prisma segitiga", "Limas segitiga", "Balok", "Tabung"],
            "answer": "Limas segitiga",
            "level": "beginner",
            "geometryId": "triangular_pyramid"
        },
        {
            "image": null,
            "question": "Berapakah jumlah rusuk yang ada pada limas segitiga?",
            "options": ["6", "4", "8", "12"],
            "answer": "6",
            "level": "beginner",
            "geometryId": "triangular_pyramid"
        },
        {
            "image": null,
            "question": "Berapakah jumlah sisi yang ada pada limas segitiga?",
            "options": ["8", "6", "4", "2"],
            "answer": "4",
            "level": "beginner",
            "geometryId": "triangular_pyramid"
        },
        {
            "image": null,
            "question": "Hitunglah luas permukaan limas segitiga yang memiliki bidang sisi yang sama, jika diketahui panjang alas 6 cm dan tinggi 3 cm!",
            "options": ["24", "28", "36", "42"],
            "answer": "36",
            "level": "beginner",
            "geometryId": "triangular_pyramid"
        },
        {
            "image": null,
            "question": "Hitunglah volume limas segitiga yang memiliki panjang alas 4 cm, tinggi segitiga 6 cm, dan tinggi limas 10 cm!",
            "options": ["20", "40", "60", "80"],
            "answer": "40",
            "level": "beginner",
            "geometryId": "triangular_pyramid"
        },
        {
            "image": "ball-1.webp",
            "question": "Apa nama bangun ruang tersebut!",
            "options": ["Kerucut", "Limas", "Bola", "Kubus"],
            "answer": "Bola",
            "level": "beginner",
            "geometryId": "ball"
        },
        {
            "image": null,
            "question": "Berapakah jumlah sisi yang ada pada bola?",
            "options": ["4", "3", "2", "1"],
            "answer": "1",
            "level": "beginner",
            "geometryId": "ball"
        },
        {
            "image": null,
            "question": "Berapakah jumlah rusuk yang ada pada bola?",
            "options": ["6", "4", "2", "Tidak ada"],
            "answer": "Tidak ada",
            "level": "beginner",
            "geometryId": "ball"
        },
        {
            "image": null,
            "question": "Hitunglah luas permukaan bola yang memiliki jari-jari 14 cm!",
            "options": ["2444", "2464", "2021", "2022"],
            "answer": "2464",
            "level": "beginner",
            "geometryId": "ball"
        },
        {
            "image": null,
            "question": "Hitunglah volume bola yang memiliki jari-jari 5 cm!",
            "options": ["523", "520", "517", "555"],
            "answer": "523",
            "level": "beginner",
            "geometryId": "ball"
        },
        {
            "image": "cone-1.webp",
            "question": "Apa nama bangun ruang tersebut!",
            "options": ["Tabung", "Balok", "Kerucut", "Kubus"],
            "answer": "Kerucut",
            "level": "beginner",
            "geometryId": "cone"
        },
        {
            "image": null,
            "question": "Berapakah jumlah sisi yang ada pada kerucut?",
            "options": ["1", "2", "3", "4"],
            "answer": "2",
            "level": "beginner",
            "geometryId": "cone"
        },
        {
            "image": null,
            "question": "Berbentuk apakah alas kerucut?",
            "options": ["Segitiga", "Persegi", "Trapesium", "Lingkaran"],
            "answer": "Lingkaran",
            "level": "beginner",
            "geometryId": "cone"
        },
        {
            "image": null,
            "question": "Hitunglah luas permukaan kerucut yang memiliki jari-jari 7 cm dan garis pelukis 10 cm!",
            "options": ["372", "374", "473", "222"],
            "answer": "374",
            "level": "beginner",
            "geometryId": "cone"
        },
        {
            "image": null,
            "question": "Hitunglah volume kerucut yang memiliki jari-jari 14 cm dan tinggi 20 cm!",
            "options": ["4107", "4104", "4100", "4007"],
            "answer": "4107",
            "level": "beginner",
            "geometryId": "cone"
        },
        {
            "image": "tube-1.webp",
            "question": "Apa nama bangun ruang tersebut!",
            "options": ["Tabung", "Kerucut", "Limas", "Balok"],
            "answer": "Tabung",
            "level": "beginner",
            "geometryId": "tube"
        },
        {
            "image": null,
            "question": "Berapkah jumlah sisi yang ada pada tabung?",
            "options": ["1", "2", "3", "4"],
            "answer": "3",
            "level": "beginner",
            "geometryId": "tube"
        },
        {
            "image": null,
            "question": "Berbentuk apakah alas dan penutup tabung?",
            "options": ["Persegi", "Lingkaran", "Segitiga", "Layang-layang"],
            "answer": "Lingkaran",
            "level": "beginner",
            "geometryId": "tube"
        },
        {
            "image": null,
            "question": "Hitunglah luas permukaan tabung yang memiliki jari-jari 14 cm dan tinggi 10 cm!",
            "options": ["2112", "2102", "2222", "2323"],
            "answer": "2112",
            "level": "beginner",
            "geometryId": "tube"
        },
        {
            "image": null,
            "question": "Hitunglah volume tabung yang memiliki jari-jari 7 cm dan tinggi 20 cm!",
            "options": ["2048", "1024", "3080", "3500"],
            "answer": "3080",
            "level": "beginner",
            "geometryId": "tube"
        },
        {
            "image": "triangular-prism-1.webp",
            "question": "Apa nama bangun ruang tersebut!",
            "options": ["Prisma segitiga", "Limas Segitiga", "Balok", "Kerucut"],
            "answer": "Prisma segitiga",
            "level": "beginner",
            "geometryId": "triangular_prism"
        },
        {
            "image": null,
            "question": "Berapkah jumlah sisi yang ada pada prisma segitiga?",
            "options": ["4", "5", "6", "7"],
            "answer": "5",
            "level": "beginner",
            "geometryId": "triangular_prism"
        },
        {
            "image": null,
            "question": "Berapkah jumlah rusuk yang ada pada prisma segitiga?",
            "options": ["3", "6", "9", "12"],
            "answer": "9",
            "level": "beginner",
            "geometryId": "triangular_prism"
        },
        {
            "image": null,
            "question": "Hitunglah luas permukaan prisma segitiga sama sisi yang memiliki alas 4 cm, tinggi segitiga 8 cm, dan tinggi prisma 10 cm!",
            "options": ["154", "152", "142", "140"],
            "answer": "152",
            "level": "beginner",
            "geometryId": "triangular_prism"
        },
        {
            "image": null,
            "question": "Hitunglah volume prisma segitiga yang memiliki alas 12 cm, tinggi segitiga 20 cm, dan tinggi limas 10 cm!",
            "options": ["1200", "1100", "120", "110"],
            "answer": "1200",
            "level": "beginner",
            "geometryId": "triangular_prism"
        }
    ]
}
